_id,Region,Cod.Comuna,Glosa.Comuna,No en PBS,Mto.en PBS,No sin PBS,Mto.sin PBS,No en APS Internas,Mto.en APS Internas,Total No,Total Mto. m$
1,15.0,15101,ARICA,1711,16865.22799999999915598891675472259521484375,175,1735.21700000000009822542779147624969482421875,75,879.886999999999943611328490078449249267578125,1961,19480.33199999999851570464670658111572265625
2,15.0,15102,CAMARONES,7,85.364000000000004320099833421409130096435546875,0,0,0,0,7,85.364000000000004320099833421409130096435546875
3,15.0,15201,PUTRE,18,299.7649999999999863575794734060764312744140625,1,15.782000000000000028421709430404007434844970703125,0,0,19,315.54699999999996862243278883397579193115234375
4,15.0,15202,GENERAL LAGOS,10,174.931999999999987949195201508700847625732421875,0,0,0,0,10,174.931999999999987949195201508700847625732421875
5,1.0,1101,IQUIQUE,1245,11184.989999999999781721271574497222900390625,117,1702.0940000000000509317032992839813232421875,76,941.9059999999999490682967007160186767578125,1438,13828.9899999999979627318680286407470703125
6,1.0,1107,ALTO HOSPICIO,471,5196.2629999999999199644662439823150634765625,39,440.567999999999983629095368087291717529296875,1,9.4290000000000002700062395888380706310272216796875,511,5646.260000000000218278728425502777099609375
7,1.0,1401,POZO ALMONTE,100,1356.43100000000004001776687800884246826171875,7,114.412000000000006139089236967265605926513671875,2,16.785000000000000142108547152020037174224853515625,109,1487.62800000000015643308870494365692138671875
8,1.0,1402,CAMIÑA,26,382.01600000000001955413608811795711517333984375,0,0,0,0,26,382.01600000000001955413608811795711517333984375
9,1.0,1403,COLCHANE,29,528.3110000000000354702933691442012786865234375,3,44.46300000000000096633812063373625278472900390625,0,0,32,572.7740000000000009094947017729282379150390625
10,1.0,1404,HUARA,38,510.3519999999999754436430521309375762939453125,0,0,0,0,38,510.3519999999999754436430521309375762939453125
11,1.0,1405,PICA,28,245.133999999999986130205797962844371795654296875,2,18.28699999999999903366187936626374721527099609375,2,32.4620000000000032969182939268648624420166015625,32,295.88299999999998135535861365497112274169921875
12,2.0,2101,ANTOFAGASTA,2161,21201.54999999999927240423858165740966796875,234,2671.35600000000022191670723259449005126953125,83,1022.480999999999994543031789362430572509765625,2478,24895.38699999999880674295127391815185546875
13,2.0,2102,MEJILLONES,58,575.732999999999947249307297170162200927734375,2,23.324999999999999289457264239899814128875732421875,2,23.282000000000000028421709430404007434844970703125,62,622.3400000000000318323145620524883270263671875
14,2.0,2103,SIERRA GORDA,1,11.82900000000000062527760746888816356658935546875,1,10.18599999999999994315658113919198513031005859375,0,0,2,22.0150000000000005684341886080801486968994140625
15,2.0,2104,TALTAL,111,1278.21199999999998908606357872486114501953125,8,101.5439999999999969304553815163671970367431640625,7,105.945999999999997953636921010911464691162109375,126,1485.701999999999998181010596454143524169921875
16,2.0,2201,CALAMA,905,9773.363999999999577994458377361297607421875,92,1104.1649999999999636202119290828704833984375,33,520.4260000000000445652403868734836578369140625,1030,11397.95499999999810825102031230926513671875
17,2.0,2202,OLLAGUE,1,9.211999999999999744204615126363933086395263671875,0,0,0,0,1,9.211999999999999744204615126363933086395263671875
18,2.0,2203,SAN PEDRO DE ATACAMA,47,618.7279999999999517967808060348033905029296875,2,27.18900000000000005684341886080801486968994140625,0,0,49,645.91699999999991632648743689060211181640625
19,2.0,2301,TOCOPILLA,250,2415.385000000000218278728425502777099609375,35,359.8170000000000072759576141834259033203125,8,137.628999999999990677679306827485561370849609375,293,2912.831000000000130967237055301666259765625
20,2.0,2302,MARIA ELENA,20,180.931999999999987949195201508700847625732421875,4,58.4789999999999992041921359486877918243408203125,0,0,24,239.41100000000000136424205265939235687255859375
21,3.0,3101,COPIAPO,1176,11567.44399999999950523488223552703857421875,111,1270.47600000000011277734301984310150146484375,94,1428.40900000000010550138540565967559814453125,1381,14266.328999999999723513610661029815673828125
22,3.0,3102,CALDERA,142,1375.3699999999998908606357872486114501953125,10,91.9969999999999998863131622783839702606201171875,10,109.534999999999996589394868351519107818603515625,162,1576.902000000000043655745685100555419921875
23,3.0,3103,TIERRA AMARILLA,73,865.1860000000000354702933691442012786865234375,3,36.63900000000000289901436190120875835418701171875,3,37.5379999999999967030817060731351375579833984375,79,939.363000000000056388671509921550750732421875
24,3.0,3201,CHAÑARAL,161,1664.4870000000000800355337560176849365234375,13,159.3890000000000100044417195022106170654296875,9,137.320999999999997953636921010911464691162109375,183,1961.197000000000116415321826934814453125
25,3.0,3202,DIEGO DE ALMAGRO,91,961.471999999999979991116560995578765869140625,6,69.1929999999999978399500832892954349517822265625,6,79.13700000000000045474735088646411895751953125,103,1109.801999999999907231540419161319732666015625
26,3.0,3301,VALLENAR,717,7735.8810000000003128661774098873138427734375,50,801.1589999999999918145476840436458587646484375,46,662.3719999999999572537490166723728179931640625,813,9199.41200000000026193447411060333251953125
27,3.0,3302,ALTO DEL CARMEN,64,790.8129999999999881765688769519329071044921875,3,47.393000000000000682121026329696178436279296875,2,26.606999999999999317878973670303821563720703125,69,864.8129999999999881765688769519329071044921875
28,3.0,3303,FREIRINA,69,746.2640000000000100044417195022106170654296875,6,90.2540000000000048885340220294892787933349609375,5,58.16499999999999914734871708787977695465087890625,80,894.6829999999999927240423858165740966796875
29,3.0,3304,HUASCO,123,1226.3969999999999345163814723491668701171875,13,144.1100000000000136424205265939235687255859375,4,74.9260000000000019326762412674725055694580078125,140,1445.4329999999999927240423858165740966796875
30,4.0,4101,LA SERENA,1960,19115.83599999999933061189949512481689453125,171,1995.579999999999927240423858165740966796875,127,2168.0230000000001382431946694850921630859375,2258,23279.438999999998486600816249847412109375
31,4.0,4102,COQUIMBO,2228,22154.38200000000142608769237995147705078125,154,2079.77100000000018553691916167736053466796875,121,1856.701999999999998181010596454143524169921875,2503,26090.8550000000032014213502407073974609375
32,4.0,4103,ANDACOLLO,183,1821.488000000000056388671509921550750732421875,7,88.4969999999999998863131622783839702606201171875,20,298.644000000000005456968210637569427490234375,210,2208.6289999999999054125510156154632568359375
33,4.0,4104,LA HIGUERA,43,549.5710000000000263753463514149188995361328125,5,55.68900000000000005684341886080801486968994140625,2,33.5439999999999969304553815163671970367431640625,50,638.8039999999999736246536485850811004638671875
34,4.0,4105,PAIHUANO,39,446.07400000000001227817847393453121185302734375,4,33.34899999999999664623828721232712268829345703125,0,0,43,479.423000000000001818989403545856475830078125
35,4.0,4106,VICUÑA,239,2521.367000000000189174897968769073486328125,19,216.490000000000009094947017729282379150390625,9,174.890999999999991132426657713949680328369140625,267,2912.74800000000004729372449219226837158203125
36,4.0,4201,ILLAPEL,486,5136.85699999999997089616954326629638671875,22,263.3890000000000100044417195022106170654296875,67,1218.618999999999914507498033344745635986328125,575,6618.864999999999781721271574497222900390625
37,4.0,4202,CANELA,208,2661.5889999999999417923390865325927734375,4,54.22999999999999687361196265555918216705322265625,12,208.03600000000000136424205265939235687255859375,224,2923.85500000000001818989403545856475830078125
38,4.0,4203,LOS VILOS,284,2986.01200000000017098500393331050872802734375,20,177.2640000000000100044417195022106170654296875,17,287.48700000000002319211489520967006683349609375,321,3450.76300000000037471181713044643402099609375
39,4.0,4204,SALAMANCA,422,5055.5950000000002546585164964199066162109375,23,246.443999999999988403942552395164966583251953125,45,890.37300000000004729372449219226837158203125,490,6192.41200000000026193447411060333251953125
40,4.0,4301,OVALLE,1489,16496.927999999999883584678173065185546875,73,927.8799999999999954525264911353588104248046875,76,1198.288999999999987267074175179004669189453125,1638,18623.0970000000015716068446636199951171875
41,4.0,4302,COMBARBALA,250,2984.6570000000001527951098978519439697265625,9,265.01299999999997680788510479032993316650390625,14,227.313999999999992951416061259806156158447265625,273,3476.98399999999992360244505107402801513671875
42,4.0,4303,MONTE PATRIA,308,4090.40999999999985448084771633148193359375,27,386.25,8,140.032999999999987039700499735772609710693359375,343,4616.6930000000002110027708113193511962890625
43,4.0,4304,PUNITAQUI,164,1847.4690000000000509317032992839813232421875,5,54.91499999999999914734871708787977695465087890625,9,176.618999999999999772626324556767940521240234375,178,2079.00300000000015643308870494365692138671875
44,4.0,4305,RIO HURTADO,97,1110.009999999999990905052982270717620849609375,3,36.62599999999999766941982670687139034271240234375,3,56.28600000000000136424205265939235687255859375,103,1202.92200000000002546585164964199066162109375
45,5.0,5101,VALPARAISO,2935,26943.544999999998253770172595977783203125,266,2580.0929999999998472048901021480560302734375,111,1283.56899999999995998223312199115753173828125,3312,30807.20699999999851570464670658111572265625
46,5.0,5102,CASABLANCA,284,2768.98199999999997089616954326629638671875,16,146.840000000000003410605131648480892181396484375,6,67.4539999999999935198502498678863048553466796875,306,2983.27600000000029467628337442874908447265625
47,5.0,5103,CONCON,342,3084.80400000000008731149137020111083984375,16,179.578000000000002955857780762016773223876953125,5,51.43999999999999772626324556767940521240234375,363,3315.822000000000116415321826934814453125
48,5.0,5104,JUAN FERNANDEZ,14,132.034999999999996589394868351519107818603515625,0,0,0,0,14,132.034999999999996589394868351519107818603515625
49,5.0,5105,PUCHUNCAVI,199,1948.45299999999997453414835035800933837890625,14,156.263000000000005229594535194337368011474609375,5,45.04099999999999681676854379475116729736328125,218,2149.75700000000006184563972055912017822265625
50,5.0,5107,QUINTERO,400,3876.28000000000020008883439004421234130859375,27,406.20900000000000318323145620524883270263671875,12,130.397999999999996134647517465054988861083984375,439,4412.887000000000625732354819774627685546875
51,5.0,5109,VIÑA DEL MAR,2626,24427.5060000000012223608791828155517578125,226,2484.322000000000116415321826934814453125,84,956.700000000000045474735088646411895751953125,2936,27868.52800000000206637196242809295654296875
52,5.0,5201,ISLA DE PASCUA,32,326.82999999999998408384271897375583648681640625,9,115.6089999999999946567186270840466022491455078125,1,15.114000000000000767386154620908200740814208984375,42,457.55299999999994042809703387320041656494140625
53,5.0,5301,LOS ANDES,635,5805.011000000000422005541622638702392578125,67,644.50199999999995270627550780773162841796875,40,594.4840000000000372892827726900577545166015625,742,7043.997000000001207808963954448699951171875
54,5.0,5302,CALLE LARGA,58,509.567999999999983629095368087291717529296875,7,69.8010000000000019326762412674725055694580078125,0,0,65,579.3690000000000281943357549607753753662109375
55,5.0,5303,RINCONADA,33,327.35399999999998499333742074668407440185546875,7,78.590000000000003410605131648480892181396484375,0,0,40,405.94399999999995998223312199115753173828125
56,5.0,5304,SAN ESTEBAN,96,945.0890000000000554791768081486225128173828125,8,70.5319999999999964757080306299030780792236328125,0,0,104,1015.6210000000000945874489843845367431640625
57,5.0,5401,LA LIGUA,555,5458.634000000000014551915228366851806640625,24,194.865000000000009094947017729282379150390625,32,452.05000000000001136868377216160297393798828125,611,6105.5489999999999781721271574497222900390625
58,5.0,5402,CABILDO,295,3240.99800000000004729372449219226837158203125,11,139.121000000000009322320693172514438629150390625,33,486.596999999999979991116560995578765869140625,339,3866.716000000000349245965480804443359375
59,5.0,5403,PAPUDO,41,389.44900000000001227817847393453121185302734375,5,49.93500000000000227373675443232059478759765625,0,0,46,439.384000000000014551915228366851806640625
60,5.0,5404,PETORCA,111,1237.9780000000000654836185276508331298828125,5,80.4200000000000017053025658242404460906982421875,12,167.731999999999999317878973670303821563720703125,128,1486.1300000000001091393642127513885498046875
61,5.0,5405,ZAPALLAR,43,362.18000000000000682121026329696178436279296875,0,0,0,0,43,362.18000000000000682121026329696178436279296875
62,5.0,5501,QUILLOTA,959,8790.404000000000451109372079372406005859375,72,679.96199999999998908606357872486114501953125,64,761.8400000000000318323145620524883270263671875,1095,10232.206000000000130967237055301666259765625
63,5.0,5502,LA CALERA,1053,9938.904000000000451109372079372406005859375,83,840.0510000000000445652403868734836578369140625,46,584.19000000000005456968210637569427490234375,1182,11363.14500000000043655745685100555419921875
64,5.0,5503,HIJUELAS,75,786.1570000000000391082721762359142303466796875,6,68.465000000000003410605131648480892181396484375,1,17.117000000000000881072992342524230480194091796875,82,871.73900000000003274180926382541656494140625
65,5.0,5504,LA CRUZ,92,777.1860000000000354702933691442012786865234375,3,20.14399999999999835154085303656756877899169921875,2,20.181000000000000937916411203332245349884033203125,97,817.5110000000000809450284577906131744384765625
66,5.0,5506,NOGALES,36,372.749000000000023646862246096134185791015625,2,24.53399999999999891997504164464771747589111328125,2,33.9380000000000023874235921539366245269775390625,40,431.22100000000000363797880709171295166015625
67,5.0,5601,SAN ANTONIO,1117,10723.113999999999577994458377361297607421875,60,635.1309999999999718056642450392246246337890625,109,1528.0219999999999345163814723491668701171875,1286,12886.2669999999998253770172595977783203125
68,5.0,5602,ALGARROBO,180,1737.201999999999998181010596454143524169921875,8,83.8179999999999978399500832892954349517822265625,4,72.9320000000000021600499167107045650482177734375,192,1893.951999999999998181010596454143524169921875
69,5.0,5603,CARTAGENA,319,3182.53499999999985448084771633148193359375,27,293.1019999999999754436430521309375762939453125,3,44.40400000000000346744855050928890705108642578125,349,3520.04099999999971259967423975467681884765625
70,5.0,5604,EL QUISCO,249,2199.38999999999987267074175179004669189453125,11,94.0460000000000064801497501321136951446533203125,3,35.87100000000000221689333557151257991790771484375,263,2329.3069999999997889972291886806488037109375
71,5.0,5605,EL TABO,156,1487.56899999999995998223312199115753173828125,12,117.868999999999999772626324556767940521240234375,2,17.062999999999998834709913353435695171356201171875,170,1622.500999999999976353137753903865814208984375
72,5.0,5606,SANTO DOMINGO,76,867.9260000000000445652403868734836578369140625,4,25.336999999999999744204615126363933086395263671875,1,26.88700000000000045474735088646411895751953125,81,920.15000000000009094947017729282379150390625
73,5.0,5701,SAN FELIPE,432,4236.1750000000001818989403545856475830078125,68,700.354000000000041836756281554698944091796875,67,789.769000000000005456968210637569427490234375,567,5726.298000000000683940015733242034912109375
74,5.0,5702,CATEMU,168,1868.2370000000000800355337560176849365234375,10,93.3319999999999936335370875895023345947265625,7,131.366999999999990222931955941021442413330078125,185,2092.93600000000014915713109076023101806640625
75,5.0,5703,LLAY-LLAY,269,2748.74299999999993815436027944087982177734375,22,244.498999999999995225152815692126750946044921875,9,122.7999999999999971578290569595992565155029296875,300,3116.04199999999991632648743689060211181640625
76,5.0,5704,PANQUEHUE,50,525.703999999999950887286104261875152587890625,5,43.9789999999999992041921359486877918243408203125,0,0,55,569.6829999999999927240423858165740966796875
77,5.0,5705,PUTAENDO,153,1452.40799999999990177457220852375030517578125,9,85.837999999999993860910763032734394073486328125,19,255.08699999999998908606357872486114501953125,181,1793.332999999999856299837119877338409423828125
78,5.0,5706,SANTA MARIA,87,851.953999999999950887286104261875152587890625,14,144.907999999999987039700499735772609710693359375,0,0,101,996.8619999999999663486960344016551971435546875
79,5.0,5801,QUILPUE,1529,13539.41400000000066938810050487518310546875,129,1509.2719999999999345163814723491668701171875,85,929.8350000000000363797880709171295166015625,1743,15978.5210000000006402842700481414794921875
80,5.0,5802,LIMACHE,462,4562.5410000000001673470251262187957763671875,30,321.44400000000001682565198279917240142822265625,18,195.2740000000000009094947017729282379150390625,510,5079.2590000000009240466170012950897216796875
81,5.0,5803,OLMUE,188,1993.678000000000110958353616297245025634765625,11,130.22399999999998954081092961132526397705078125,1,11.6240000000000005542233338928781449794769287109375,200,2135.525999999999839928932487964630126953125
82,5.0,5804,VILLA ALEMANA,1089,10040.351000000000567524693906307220458984375,90,1032.59099999999989449861459434032440185546875,30,414.49299999999999499777914024889469146728515625,1209,11487.43500000000130967237055301666259765625
83,6.0,6101,RANCAGUA,1805,17155.39700000000084401108324527740478515625,164,2209.87600000000020372681319713592529296875,121,1516.55999999999994543031789362430572509765625,2090,20881.83300000000235741026699542999267578125
84,6.0,6102,CODEGUA,87,968.2450000000000045474735088646411895751953125,10,169.520999999999986584953148849308490753173828125,3,29.532000000000000028421709430404007434844970703125,100,1167.298000000000001818989403545856475830078125
85,6.0,6103,COINCO,91,978.8619999999999663486960344016551971435546875,4,35.49600000000000221689333557151257991790771484375,1,2.379000000000000003552713678800500929355621337890625,96,1016.7369999999999663486960344016551971435546875
86,6.0,6104,COLTAUCO,205,2098.76600000000007639755494892597198486328125,18,202.251000000000004774847184307873249053955078125,5,98.3719999999999998863131622783839702606201171875,228,2399.3890000000001236912794411182403564453125
87,6.0,6105,DOÑIHUE,208,1876.42200000000002546585164964199066162109375,8,65.9069999999999964757080306299030780792236328125,5,45.11500000000000198951966012828052043914794921875,221,1987.44399999999995998223312199115753173828125
88,6.0,6106,GRANEROS,209,2013.027000000000043655745685100555419921875,26,313.37700000000000954969436861574649810791015625,15,300.355999999999994543031789362430572509765625,250,2626.760000000000218278728425502777099609375
89,6.0,6107,LAS CABRAS,350,3583.04300000000012005330063402652740478515625,22,378.5140000000000100044417195022106170654296875,13,188.2359999999999899955582804977893829345703125,385,4149.7930000000005748006515204906463623046875
90,6.0,6108,MACHALI,271,2529.920000000000072759576141834259033203125,29,493.5489999999999781721271574497222900390625,10,145.730999999999994543031789362430572509765625,310,3169.1999999999998181010596454143524169921875
91,6.0,6109,MALLOA,154,1669.067999999999983629095368087291717529296875,8,108.7399999999999948840923025272786617279052734375,3,92.6989999999999980673237587325274944305419921875,165,1870.50700000000006184563972055912017822265625
92,6.0,6110,MOSTAZAL,201,2069.73000000000001818989403545856475830078125,20,266.1290000000000190993887372314929962158203125,12,296.134000000000014551915228366851806640625,233,2631.99299999999993815436027944087982177734375
93,6.0,6111,OLIVAR,90,888.1799999999999499777914024889469146728515625,8,121.4369999999999976125764078460633754730224609375,2,51.780000000000001136868377216160297393798828125,100,1061.3969999999999345163814723491668701171875
94,6.0,6112,PEUMO,192,1931.020999999999958163243718445301055908203125,14,168.087999999999993860910763032734394073486328125,6,95.0520000000000067075234255753457546234130859375,212,2194.1610000000000582076609134674072265625
95,6.0,6113,PICHIDEGUA,272,2988.36900000000014188117347657680511474609375,8,86,8,133.80000000000001136868377216160297393798828125,288,3208.16900000000032378011383116245269775390625
96,6.0,6114,QUINTA DE TILCOCO,158,1662.281999999999925421434454619884490966796875,4,198.53800000000001091393642127513885498046875,9,129.330999999999988858689903281629085540771484375,171,1990.150999999999839928932487964630126953125
97,6.0,6115,RENGO,523,5308.8270000000002255546860396862030029296875,44,912.6680000000000063664629124104976654052734375,40,656.4009999999999536157702095806598663330078125,607,6877.8959999999997307895682752132415771484375
98,6.0,6116,REQUINOA,198,2110.36000000000012732925824820995330810546875,24,470.57499999999998863131622783839702606201171875,13,122.506000000000000227373675443232059478759765625,235,2703.4409999999998035491444170475006103515625
99,6.0,6117,SAN VICENTE,617,5966.9170000000003710738383233547210693359375,42,474.84399999999999408828443847596645355224609375,40,487.6779999999999972715158946812152862548828125,699,6929.439000000000305590219795703887939453125
100,6.0,6201,PICHILEMU,237,2434.0929999999998472048901021480560302734375,17,218.53800000000001091393642127513885498046875,7,90.1269999999999953388396534137427806854248046875,261,2742.757999999999810825102031230926513671875
101,6.0,6202,LA ESTRELLA,54,563.30999999999994543031789362430572509765625,2,17.760000000000001563194018672220408916473388671875,1,4.98599999999999976552089719916693866252899169921875,57,586.0559999999999263309291563928127288818359375
102,6.0,6203,LITUECHE,99,1040.3789999999999054125510156154632568359375,3,15.83500000000000085265128291212022304534912109375,7,159.0620000000000118234311230480670928955078125,109,1215.275999999999839928932487964630126953125
103,6.0,6204,MARCHIHUE,118,1247.3170000000000072759576141834259033203125,5,60.554000000000002046363078989088535308837890625,2,28.446999999999999175770426518283784389495849609375,125,1336.317999999999983629095368087291717529296875
104,6.0,6205,NAVIDAD,146,1490.683999999999969077180139720439910888671875,3,30.82000000000000028421709430404007434844970703125,3,63.6880000000000023874235921539366245269775390625,152,1585.1920000000000072759576141834259033203125
105,6.0,6206,PAREDONES,127,1534.013999999999896317603997886180877685546875,5,64.0799999999999982946974341757595539093017578125,11,262.66199999999997771737980656325817108154296875,143,1860.75599999999985811882652342319488525390625
106,6.0,6301,SAN FERNANDO,708,7475.725000000000363797880709171295166015625,81,1049.40799999999990177457220852375030517578125,83,1493.1379999999999199644662439823150634765625,872,10018.2710000000006402842700481414794921875
107,6.0,6302,CHEPICA,174,2044.777000000000043655745685100555419921875,11,123.7999999999999971578290569595992565155029296875,8,181.64199999999999590727384202182292938232421875,193,2350.2190000000000509317032992839813232421875
108,6.0,6303,CHIMBARONGO,389,4420.466000000000349245965480804443359375,29,404.3600000000000136424205265939235687255859375,19,485.5710000000000263753463514149188995361328125,437,5310.3969999999999345163814723491668701171875
109,6.0,6304,LOLOL,117,1400.313000000000101863406598567962646484375,3,42.99199999999999732835931354202330112457275390625,10,192.67599999999998772182152606546878814697265625,130,1635.980999999999994543031789362430572509765625
110,6.0,6305,NANCAGUA,152,1650.189000000000078216544352471828460693359375,12,141.1100000000000136424205265939235687255859375,12,237.676999999999992496668710373342037200927734375,176,2028.975999999999885403667576611042022705078125
111,6.0,6306,PALMILLA,99,1110.4960000000000945874489843845367431640625,4,57.558999999999997498889570124447345733642578125,1,43.69200000000000017053025658242404460906982421875,104,1211.747000000000070940586738288402557373046875
112,6.0,6307,PERALILLO,155,1783.7899999999999636202119290828704833984375,8,121.106999999999999317878973670303821563720703125,13,178.52600000000001045918907038867473602294921875,176,2083.4229999999997744453139603137969970703125
113,6.0,6308,PLACILLA,63,731.712999999999965439201332628726959228515625,5,55.090000000000003410605131648480892181396484375,2,23.946999999999999175770426518283784389495849609375,70,810.75
114,6.0,6309,PUMANQUE,69,708.037000000000034560798667371273040771484375,3,35.679000000000002046363078989088535308837890625,3,28.58800000000000096633812063373625278472900390625,75,772.3039999999999736246536485850811004638671875
115,6.0,6310,SANTA CRUZ,669,7130.8919999999998253770172595977783203125,35,408.7730000000000245563569478690624237060546875,100,1716.576999999999998181010596454143524169921875,804,9256.242000000000189174897968769073486328125
116,7.0,7101,TALCA,2629,25643.2609999999986030161380767822265625,197,2116.581000000000130967237055301666259765625,137,2031.3389999999999417923390865325927734375,2963,29791.180999999996856786310672760009765625
117,7.0,7102,CONSTITUCION,593,6926.935999999999694409780204296112060546875,33,416.95800000000002683009370230138301849365234375,25,404.62799999999998590283212251961231231689453125,651,7748.521999999999025021679699420928955078125
118,7.0,7103,CUREPTO,247,2840.83599999999978535925038158893585205078125,3,36.6970000000000027284841053187847137451171875,24,431.4510000000000218278728425502777099609375,274,3308.98399999999992360244505107402801513671875
119,7.0,7104,EMPEDRADO,82,981.2659999999999627107172273099422454833984375,1,5.868999999999999772626324556767940521240234375,1,27.48100000000000164845914696343243122100830078125,84,1014.615999999999985448084771633148193359375
120,7.0,7105,MAULE,274,2976.29199999999991632648743689060211181640625,10,122.9030000000000057980287238024175167083740234375,6,70.77899999999999636202119290828704833984375,290,3169.97399999999970532371662557125091552734375
121,7.0,7106,PELARCO,121,1460.881000000000085492501966655254364013671875,7,116.3059999999999973852027324028313159942626953125,8,136.66100000000000136424205265939235687255859375,136,1713.848000000000183717929758131504058837890625
122,7.0,7107,PENCAHUE,120,1446.88599999999996725819073617458343505859375,7,95.0739999999999980673237587325274944305419921875,3,90.7240000000000037516656448133289813995361328125,130,1632.683999999999969077180139720439910888671875
123,7.0,7108,RIO CLARO,173,2048.2719999999999345163814723491668701171875,11,153.128999999999990677679306827485561370849609375,9,118.751000000000004774847184307873249053955078125,193,2320.152000000000043655745685100555419921875
124,7.0,7109,SAN CLEMENTE,601,6419.4939999999996871338225901126861572265625,37,400.163999999999987267074175179004669189453125,13,168.686000000000007048583938740193843841552734375,651,6988.343999999999141437001526355743408203125
125,7.0,7110,SAN RAFAEL,129,1522.45299999999997453414835035800933837890625,7,78.537000000000006139089236967265605926513671875,9,174.18500000000000227373675443232059478759765625,145,1775.174999999999954525264911353588104248046875
126,7.0,7201,CAUQUENES,663,6966.01800000000002910383045673370361328125,35,1146.799999999999954525264911353588104248046875,64,1167.17900000000008731149137020111083984375,762,9279.99699999999938881956040859222412109375
127,7.0,7202,CHANCO,193,2449.68600000000014915713109076023101806640625,2,179.394000000000005456968210637569427490234375,16,283.18099999999998317434801720082759857177734375,211,2912.26099999999996725819073617458343505859375
128,7.0,7203,PELLUHUE,136,1508.508000000000038198777474462985992431640625,2,23.382999999999999118927007657475769519805908203125,2,32.9380000000000023874235921539366245269775390625,140,1564.82900000000017826096154749393463134765625
129,7.0,7301,CURICO,1277,12708.10699999999997089616954326629638671875,127,1457.9510000000000218278728425502777099609375,85,1362.88200000000006184563972055912017822265625,1489,15528.940000000000509317032992839813232421875
130,7.0,7302,HUALAÑE,215,2364.1199999999998908606357872486114501953125,8,225.919999999999987494447850622236728668212890625,16,328.66300000000001091393642127513885498046875,239,2918.70299999999997453414835035800933837890625
131,7.0,7303,LICANTEN,112,1124.79199999999991632648743689060211181640625,2,23.8719999999999998863131622783839702606201171875,5,120.1110000000000042064129956997931003570556640625,119,1268.77500000000009094947017729282379150390625
132,7.0,7304,MOLINA,444,4563.26800000000002910383045673370361328125,42,442.4270000000000209183781407773494720458984375,30,479.02100000000001500666257925331592559814453125,516,5484.7159999999994397512637078762054443359375
133,7.0,7305,RAUCO,111,1228.281999999999925421434454619884490966796875,4,46.4909999999999996589394868351519107818603515625,4,75.26200000000000045474735088646411895751953125,119,1350.03499999999985448084771633148193359375
134,7.0,7306,ROMERAL,126,1315.5050000000001091393642127513885498046875,14,174.67099999999999226929503493010997772216796875,4,43.15899999999999891997504164464771747589111328125,144,1533.335000000000263753463514149188995361328125
135,7.0,7307,SAGRADA FAMILIA,191,2117.09000000000014551915228366851806640625,7,79.0729999999999932924765744246542453765869140625,8,102.1770000000000067075234255753457546234130859375,206,2298.34000000000014551915228366851806640625
136,7.0,7308,TENO,324,3637.0760000000000218278728425502777099609375,16,204.26699999999999590727384202182292938232421875,25,470.1789999999999736246536485850811004638671875,365,4311.5219999999999345163814723491668701171875
137,7.0,7309,VICHUQUEN,82,902.5309999999999490682967007160186767578125,1,8.3599999999999994315658113919198513031005859375,3,44.50500000000000255795384873636066913604736328125,86,955.395999999999958163243718445301055908203125
138,7.0,7401,LINARES,1292,13275.49899999999979627318680286407470703125,110,1299.071999999999889041646383702754974365234375,115,1803.770999999999958163243718445301055908203125,1517,16378.34200000000055297277867794036865234375
139,7.0,7402,COLBUN,292,3350.4960000000000945874489843845367431640625,13,146.727000000000003865352482534945011138916015625,9,133.794999999999987494447850622236728668212890625,314,3631.01800000000002910383045673370361328125
140,7.0,7403,LONGAVI,466,5499.60499999999956344254314899444580078125,12,179.443000000000012050804798491299152374267578125,16,299.8809999999999718056642450392246246337890625,494,5978.92900000000008731149137020111083984375
141,7.0,7404,PARRAL,678,7775.98199999999997089616954326629638671875,47,808.5579999999999927240423858165740966796875,44,734.1219999999999572537490166723728179931640625,769,9318.66200000000026193447411060333251953125
142,7.0,7405,RETIRO,272,3401.9499999999998181010596454143524169921875,7,225.86799999999999499777914024889469146728515625,17,371.81999999999999317878973670303821563720703125,296,3999.6379999999999199644662439823150634765625
143,7.0,7406,SAN JAVIER,643,6699.3770000000004074536263942718505859375,46,633.7440000000000281943357549607753753662109375,29,511.79199999999997316990629769861698150634765625,718,7844.9130000000004656612873077392578125
144,7.0,7407,VILLA ALEGRE,198,2029.00199999999995270627550780773162841796875,7,71.9129999999999967030817060731351375579833984375,13,184.451999999999998181010596454143524169921875,218,2285.367000000000189174897968769073486328125
145,7.0,7408,YERBAS BUENAS,200,2295.2669999999998253770172595977783203125,12,154.532999999999987039700499735772609710693359375,8,181.878999999999990677679306827485561370849609375,220,2631.67899999999963256414048373699188232421875
146,16.0,16101,CHILLAN,2572,26137.466000000000349245965480804443359375,139,1534.875999999999976353137753903865814208984375,248,4144.2200000000002546585164964199066162109375,2959,31816.56200000000171712599694728851318359375
147,16.0,16102,BULNES,413,4782.4149999999999636202119290828704833984375,12,438.720000000000027284841053187847137451171875,22,425.10800000000000409272615797817707061767578125,447,5646.243000000000392901711165904998779296875
148,16.0,16103,CHILLAN VIEJO,175,1714.68499999999994543031789362430572509765625,11,89.71399999999999863575794734060764312744140625,2,24.4020000000000010231815394945442676544189453125,188,1828.80099999999993087840266525745391845703125
149,16.0,16104,EL CARMEN,314,4242.8720000000002983142621815204620361328125,3,56.36699999999999732835931354202330112457275390625,6,148.078000000000002955857780762016773223876953125,323,4447.317000000000916770659387111663818359375
150,16.0,16105,PEMUCO,144,1838.683999999999969077180139720439910888671875,7,117.8130000000000023874235921539366245269775390625,8,159.33899999999999863575794734060764312744140625,159,2115.8360000000002401066012680530548095703125
151,16.0,16106,PINTO,207,2204.0140000000001236912794411182403564453125,1,19.263000000000001676880856393836438655853271484375,2,16.403999999999999914734871708787977695465087890625,210,2239.68100000000004001776687800884246826171875
152,16.0,16107,QUILLON,380,4002.8919999999998253770172595977783203125,18,181.519000000000005456968210637569427490234375,10,277.39100000000001955413608811795711517333984375,408,4461.80199999999967985786497592926025390625
153,16.0,16108,SAN IGNACIO,353,4309.9970000000002983142621815204620361328125,4,42.03600000000000136424205265939235687255859375,11,231.84800000000001318767317570745944976806640625,368,4583.8810000000003128661774098873138427734375
154,16.0,16109,YUNGAY,368,4129.654000000000451109372079372406005859375,13,160.876000000000004774847184307873249053955078125,15,343.8020000000000209183781407773494720458984375,396,4634.332000000000334694050252437591552734375
155,16.0,16201,QUIRIHUE,239,2681.53800000000001091393642127513885498046875,8,92.13700000000000045474735088646411895751953125,6,81.0240000000000009094947017729282379150390625,253,2854.69900000000006912159733474254608154296875
156,16.0,16202,COBQUECURA,125,1458.16699999999991632648743689060211181640625,1,19.501999999999998891553332214243710041046142578125,1,8.06700000000000017053025658242404460906982421875,127,1485.7359999999998763087205588817596435546875
157,16.0,16203,COELEMU,400,4465.5829999999996289261616766452789306640625,12,110.9800000000000039790393202565610408782958984375,32,504.60700000000002773958840407431125640869140625,444,5081.1699999999991632648743689060211181640625
158,16.0,16204,NINHUE,134,1678.615000000000009094947017729282379150390625,3,43.60499999999999687361196265555918216705322265625,1,10.9199999999999999289457264239899814128875732421875,138,1733.140000000000100044417195022106170654296875
159,16.0,16205,PORTEZUELO,105,1325.62699999999995270627550780773162841796875,1,4.708999999999999630517777404747903347015380859375,9,190.066000000000002501110429875552654266357421875,115,1520.402000000000043655745685100555419921875
160,16.0,16206,RANQUIL,107,1060.55600000000004001776687800884246826171875,6,98.6280000000000001136868377216160297393798828125,7,98.9140000000000014779288903810083866119384765625,120,1258.097999999999956344254314899444580078125
161,16.0,16207,TREHUACO,85,982.0919999999999845385900698602199554443359375,2,20.93900000000000005684341886080801486968994140625,5,97.087999999999993860910763032734394073486328125,92,1100.118999999999914507498033344745635986328125
162,16.0,16301,SAN CARLOS,988,10638.3539999999993597157299518585205078125,51,808.6680000000000063664629124104976654052734375,62,1118.5309999999999490682967007160186767578125,1101,12565.552999999999883584678173065185546875
163,16.0,16302,COIHUECO,341,4235.7879999999995561665855348110198974609375,13,129.21899999999999408828443847596645355224609375,17,375.58499999999997953636921010911464691162109375,371,4740.5919999999996434780769050121307373046875
164,16.0,16303,ÑIQUEN,180,2152.7269999999998617568053305149078369140625,6,73.0570000000000021600499167107045650482177734375,4,66.8080000000000069348971010185778141021728515625,190,2292.5919999999996434780769050121307373046875
165,16.0,16304,SAN FABIAN,55,694.826999999999998181010596454143524169921875,1,9.846000000000000085265128291212022304534912109375,1,24.617000000000000881072992342524230480194091796875,57,729.2899999999999636202119290828704833984375
166,16.0,16305,SAN NICOLAS,210,2296.84200000000009822542779147624969482421875,5,66.5669999999999930651028989814221858978271484375,2,10.7019999999999999573674358543939888477325439453125,217,2374.11100000000033105607144534587860107421875
167,8.0,8101,CONCEPCION,2039,19624.3689999999987776391208171844482421875,168,2243.20800000000008367351256310939788818359375,209,2999.01200000000017098500393331050872802734375,2416,24866.58899999999630381353199481964111328125
168,8.0,8102,CORONEL,1395,13870.264999999999417923390865325927734375,106,1374.4960000000000945874489843845367431640625,92,1484.064000000000078216544352471828460693359375,1593,16728.824999999997089616954326629638671875
169,8.0,8103,CHIGUAYANTE,878,8420.028000000000247382558882236480712890625,80,1019.008000000000038198777474462985992431640625,6,75.7699999999999960209606797434389591217041015625,964,9514.80600000000049476511776447296142578125
170,8.0,8104,FLORIDA,229,2636.06100000000014915713109076023101806640625,7,247.03100000000000591171556152403354644775390625,6,96.2360000000000042064129956997931003570556640625,242,2979.32799999999997453414835035800933837890625
171,8.0,8105,HUALQUI,335,3597.9409999999998035491444170475006103515625,12,135.157999999999987039700499735772609710693359375,5,95.1200000000000045474735088646411895751953125,352,3828.21899999999959618435241281986236572265625
172,8.0,8106,LOTA,708,7244.0230000000001382431946694850921630859375,54,757.4850000000000136424205265939235687255859375,135,2110.9409999999998035491444170475006103515625,897,10112.4490000000005238689482212066650390625
173,8.0,8107,PENCO,667,6282.0590000000001964508555829524993896484375,58,575.2269999999999754436430521309375762939453125,16,251.230999999999994543031789362430572509765625,741,7108.5169999999998253770172595977783203125
174,8.0,8108,SAN PEDRO DE LA PAZ,925,9811.4789999999993597157299518585205078125,73,838.9199999999999590727384202182292938232421875,6,89.6989999999999980673237587325274944305419921875,1004,10740.097999999999956344254314899444580078125
175,8.0,8109,SANTA JUANA,303,3293.2979999999997744453139603137969970703125,7,72.2180000000000035242919693700969219207763671875,6,67.337999999999993860910763032734394073486328125,316,3432.85399999999981446308083832263946533203125
176,8.0,8110,TALCAHUANO,1658,15485.8349999999991268850862979888916015625,119,2450.39600000000018553691916167736053466796875,71,901.58699999999998908606357872486114501953125,1848,18837.81799999999930150806903839111328125
177,8.0,8111,TOME,714,7222.636000000000422005541622638702392578125,37,540.8809999999999718056642450392246246337890625,16,255.81499999999999772626324556767940521240234375,767,8019.332000000000334694050252437591552734375
178,8.0,8112,HUALPEN,1095,10419.06899999999950523488223552703857421875,91,1403.73399999999992360244505107402801513671875,6,79.5100000000000051159076974727213382720947265625,1192,11902.313000000000101863406598567962646484375
179,8.0,8201,LEBU,438,5236.8729999999995925463736057281494140625,39,492.65399999999999636202119290828704833984375,51,915.2740000000000009094947017729282379150390625,528,6644.8010000000003856257535517215728759765625
180,8.0,8202,ARAUCO,580,6790.697000000000116415321826934814453125,28,326.5040000000000190993887372314929962158203125,17,308.77100000000001500666257925331592559814453125,625,7425.971999999999752617441117763519287109375
181,8.0,8203,CAÑETE,723,8508.582000000000334694050252437591552734375,23,265.5240000000000009094947017729282379150390625,47,804.3990000000000009094947017729282379150390625,793,9578.504999999999199644662439823150634765625
182,8.0,8204,CONTULMO,124,1404.011999999999943611328490078449249267578125,1,8.147999999999999687361196265555918216705322265625,6,176.164999999999992041921359486877918243408203125,131,1588.3249999999998181010596454143524169921875
183,8.0,8205,CURANILAHUE,614,7035.2110000000002401066012680530548095703125,38,451.70299999999997453414835035800933837890625,37,604.5579999999999927240423858165740966796875,689,8091.4720000000006621121428906917572021484375
184,8.0,8206,LOS ALAMOS,321,3962.6120000000000800355337560176849365234375,16,193.8079999999999927240423858165740966796875,10,177.039999999999992041921359486877918243408203125,347,4333.4600000000000363797880709171295166015625
185,8.0,8207,TIRUA,187,2530.72100000000000363797880709171295166015625,6,78.96899999999999408828443847596645355224609375,2,59.703000000000002955857780762016773223876953125,195,2669.39300000000002910383045673370361328125
186,8.0,8301,LOS ANGELES,2581,27900.32500000000072759576141834259033203125,159,1844.116999999999961801222525537014007568359375,209,3412.80099999999993087840266525745391845703125,2949,33157.243000000002211891114711761474609375
187,8.0,8302,ANTUCO,92,856.412000000000034560798667371273040771484375,3,25.495999999999998664179656771011650562286376953125,2,55.24300000000000210320649784989655017852783203125,97,937.151000000000067302607931196689605712890625
188,8.0,8303,CABRERO,522,5715.77000000000043655745685100555419921875,22,245.0579999999999927240423858165740966796875,23,365.60800000000000409272615797817707061767578125,567,6326.4360000000006039044819772243499755859375
189,8.0,8304,LAJA,482,5210.368000000000392901711165904998779296875,49,514.142000000000052750692702829837799072265625,13,249.342999999999989313437254168093204498291015625,544,5973.8530000000000654836185276508331298828125
190,8.0,8305,MULCHEN,467,5123.6840000000001964508555829524993896484375,28,340.490000000000009094947017729282379150390625,16,303.63799999999997680788510479032993316650390625,511,5767.811999999999898136593401432037353515625
191,8.0,8306,NACIMIENTO,457,5272.456000000000130967237055301666259765625,17,473.134000000000014551915228366851806640625,14,217.856999999999999317878973670303821563720703125,488,5963.447000000000116415321826934814453125
192,8.0,8307,NEGRETE,140,1636.1829999999999927240423858165740966796875,5,70.659999999999996589394868351519107818603515625,20,354.6589999999999918145476840436458587646484375,165,2061.50199999999995270627550780773162841796875
193,8.0,8308,QUILACO,77,730.43499999999994543031789362430572509765625,2,29.26200000000000045474735088646411895751953125,1,12.81700000000000017053025658242404460906982421875,80,772.513999999999896317603997886180877685546875
194,8.0,8309,QUILLECO,214,2589.49899999999979627318680286407470703125,10,110.46399999999999863575794734060764312744140625,6,123.7710000000000007958078640513122081756591796875,230,2823.73399999999992360244505107402801513671875
195,8.0,8310,SAN ROSENDO,41,456.06000000000000227373675443232059478759765625,5,55.02799999999999869260136620141565799713134765625,0,0,46,511.08800000000002228262019343674182891845703125
196,8.0,8311,SANTA BARBARA,287,3300.96199999999998908606357872486114501953125,9,112.76200000000000045474735088646411895751953125,10,171.22300000000001318767317570745944976806640625,306,3584.947000000000116415321826934814453125
197,8.0,8312,TUCAPEL,250,2455.00599999999985811882652342319488525390625,14,197.157999999999987039700499735772609710693359375,12,165.965000000000003410605131648480892181396484375,276,2818.1289999999999054125510156154632568359375
198,8.0,8313,YUMBEL,470,5329.9160000000001673470251262187957763671875,12,109.06499999999999772626324556767940521240234375,25,487.4279999999999972715158946812152862548828125,507,5926.408999999999650754034519195556640625
199,8.0,8314,ALTO BIO BIO,75,1176.94399999999995998223312199115753173828125,4,62.09400000000000119371179607696831226348876953125,0,0,79,1239.03800000000001091393642127513885498046875
200,9.0,9101,TEMUCO,3300,33186.167000000001280568540096282958984375,231,2396.7640000000001236912794411182403564453125,157,2410.80200000000013460521586239337921142578125,3688,37993.733000000007450580596923828125
201,9.0,9102,CARAHUE,762,9626.630999999999403371475636959075927734375,16,167.32900000000000773070496506989002227783203125,3,52.86699999999999732835931354202330112457275390625,781,9846.826999999999316059984266757965087890625
202,9.0,9103,CUNCO,478,4816.8699999999998908606357872486114501953125,22,275.2060000000000172803993336856365203857421875,11,212.66599999999999681676854379475116729736328125,511,5304.742000000000189174897968769073486328125
203,9.0,9104,CURARREHUE,147,1932.50199999999995270627550780773162841796875,7,110.1629999999999967030817060731351375579833984375,1,26.059999999999998721023075631819665431976318359375,155,2068.72499999999990905052982270717620849609375
204,9.0,9105,FREIRE,437,5075.4600000000000363797880709171295166015625,16,216.75700000000000500222085975110530853271484375,3,56.195999999999997953636921010911464691162109375,456,5348.4129999999995561665855348110198974609375
205,9.0,9106,GALVARINO,280,3955.5169999999998253770172595977783203125,12,140.576999999999998181010596454143524169921875,1,26.882999999999999118927007657475769519805908203125,293,4122.9769999999998617568053305149078369140625
206,9.0,9107,GORBEA,265,2684.302999999999883584678173065185546875,12,150.614000000000004320099833421409130096435546875,22,458.78600000000000136424205265939235687255859375,299,3293.70299999999997453414835035800933837890625
207,9.0,9108,LAUTARO,605,7557.2879999999995561665855348110198974609375,20,518.4859999999999899955582804977893829345703125,6,88.688999999999992951416061259806156158447265625,631,8164.46299999999973806552588939666748046875
208,9.0,9109,LONCOCHE,410,4409.724000000000160071067512035369873046875,24,263.125,9,157.3899999999999863575794734060764312744140625,443,4830.2390000000004874891601502895355224609375
209,9.0,9110,MELIPEUCO,173,1868.926999999999907231540419161319732666015625,10,78.173000000000001818989403545856475830078125,0,0,183,1947.09999999999990905052982270717620849609375
210,9.0,9111,NUEVA IMPERIAL,740,8449.7819999999992433004081249237060546875,30,275.38299999999998135535861365497112274169921875,11,233.21199999999998908606357872486114501953125,781,8958.376999999998588464222848415374755859375
211,9.0,9112,PADRE LAS CASAS,1019,11821.60599999999976716935634613037109375,49,520.4099999999999681676854379475116729736328125,4,52.3130000000000023874235921539366245269775390625,1072,12394.328999999999723513610661029815673828125
212,9.0,9113,PERQUENCO,104,1152.480999999999994543031789362430572509765625,7,80.43500000000000227373675443232059478759765625,1,13.0050000000000007815970093361102044582366943359375,112,1245.921000000000049112713895738124847412109375
213,9.0,9114,PITRUFQUEN,442,4473.3779999999997016857378184795379638671875,27,252.239000000000004320099833421409130096435546875,18,222.1779999999999972715158946812152862548828125,487,4947.7949999999991632648743689060211181640625
214,9.0,9115,PUCON,322,3653.6559999999999490682967007160186767578125,26,347.14699999999999135980033315718173980712890625,5,69.909999999999996589394868351519107818603515625,353,4070.71299999999973806552588939666748046875
215,9.0,9116,PUERTO SAAVEDRA,252,3581.85699999999997089616954326629638671875,8,107.05500000000000682121026329696178436279296875,1,13.602000000000000312638803734444081783294677734375,261,3702.51399999999966894392855465412139892578125
216,9.0,9117,TEODORO SCHMIDT,319,3996.50199999999995270627550780773162841796875,4,42.71300000000000096633812063373625278472900390625,2,29.14099999999999823785401531495153903961181640625,325,4068.35600000000022191670723259449005126953125
217,9.0,9118,TOLTEN,250,2847.0039999999999054125510156154632568359375,4,52.0810000000000030695446184836328029632568359375,3,36.64099999999999823785401531495153903961181640625,257,2935.72600000000011277734301984310150146484375
218,9.0,9119,VILCUN,410,4761.0749999999998181010596454143524169921875,20,242.914999999999992041921359486877918243408203125,17,380.826999999999998181010596454143524169921875,447,5384.8170000000000072759576141834259033203125
219,9.0,9120,VILLARRICA,856,8744.6650000000008731149137020111083984375,55,461.0710000000000263753463514149188995361328125,23,374.4370000000000118234311230480670928955078125,934,9580.173000000000683940015733242034912109375
220,9.0,9121,CHOLCHOL,244,3169.5940000000000509317032992839813232421875,11,122.724999999999994315658113919198513031005859375,0,0,255,3292.31899999999995998223312199115753173828125
221,9.0,9201,ANGOL,694,7584.2290000000002692104317247867584228515625,31,681.0149999999999863575794734060764312744140625,62,1002.374000000000023646862246096134185791015625,787,9267.618000000000392901711165904998779296875
222,9.0,9202,COLLIPULLI,374,4541.3810000000003128661774098873138427734375,17,173.544000000000011141310096718370914459228515625,15,239.727000000000003865352482534945011138916015625,406,4954.652000000000043655745685100555419921875
223,9.0,9203,CURACAUTIN,383,3875.48900000000003274180926382541656494140625,34,346.15100000000001045918907038867473602294921875,10,156.97399999999998954081092961132526397705078125,427,4378.6140000000004874891601502895355224609375
224,9.0,9204,ERCILLA,103,1545.730999999999994543031789362430572509765625,4,77.6929999999999978399500832892954349517822265625,2,60.11200000000000187583282240666449069976806640625,109,1683.5360000000000582076609134674072265625
225,9.0,9205,LONQUIMAY,207,2624.43100000000004001776687800884246826171875,13,149.873999999999995225152815692126750946044921875,2,29.952999999999999403144101961515843868255615234375,222,2804.257999999999810825102031230926513671875
226,9.0,9206,LOS SAUCES,154,1848.509000000000014551915228366851806640625,4,50.56400000000000005684341886080801486968994140625,2,62.86999999999999744204615126363933086395263671875,160,1961.942999999999983629095368087291717529296875
227,9.0,9207,LUMACO,176,2305.07400000000006912159733474254608154296875,2,27.280000000000001136868377216160297393798828125,4,67.2229999999999989768184605054557323455810546875,182,2399.5770000000002255546860396862030029296875
228,9.0,9208,PUREN,291,3688.3000000000001818989403545856475830078125,10,92.5100000000000051159076974727213382720947265625,16,347.1879999999999881765688769519329071044921875,317,4127.9980000000005020410753786563873291015625
229,9.0,9209,RENAICO,150,1650.46599999999989449861459434032440185546875,5,54.97999999999999687361196265555918216705322265625,5,76.006000000000000227373675443232059478759765625,160,1781.451999999999998181010596454143524169921875
230,9.0,9210,TRAIGUEN,368,4030.6909999999998035491444170475006103515625,15,160.010999999999995679900166578590869903564453125,7,79.8289999999999935198502498678863048553466796875,390,4270.5309999999999490682967007160186767578125
231,9.0,9211,VICTORIA,632,6844.42900000000008731149137020111083984375,27,269.95499999999998408384271897375583648681640625,36,512.9579999999999699866748414933681488037109375,695,7627.3419999999996434780769050121307373046875
232,14.0,14101,VALDIVIA,1568,14386.677999999999883584678173065185546875,127,1241.75199999999995270627550780773162841796875,53,734.7440000000000281943357549607753753662109375,1748,16363.174000000000887666828930377960205078125
233,14.0,14102,CORRAL,75,699.63599999999996725819073617458343505859375,5,44.71000000000000085265128291212022304534912109375,1,21.48100000000000164845914696343243122100830078125,81,765.826999999999998181010596454143524169921875
234,14.0,14103,LANCO,275,2676.8890000000001236912794411182403564453125,9,70.4189999999999969304553815163671970367431640625,8,105.688999999999992951416061259806156158447265625,292,2852.99699999999984356691129505634307861328125
235,14.0,14104,LOS LAGOS,316,3381.08699999999998908606357872486114501953125,22,224.65100000000001045918907038867473602294921875,13,188.770999999999986584953148849308490753173828125,351,3794.509000000000014551915228366851806640625
236,14.0,14105,MAFIL,84,984.26999999999998181010596454143524169921875,4,50.26899999999999835154085303656756877899169921875,4,77.5090000000000003410605131648480892181396484375,92,1112.048000000000001818989403545856475830078125
237,14.0,14106,SAN JOSE DE LA MARIQUINA,287,3427.364999999999781721271574497222900390625,25,262.2749999999999772626324556767940521240234375,4,97.96399999999999863575794734060764312744140625,316,3787.60399999999981446308083832263946533203125
238,14.0,14107,PAILLACO,355,3841.722999999999956344254314899444580078125,18,156.936000000000007048583938740193843841552734375,21,358.826999999999998181010596454143524169921875,394,4357.4859999999998763087205588817596435546875
239,14.0,14108,PANGUIPULLI,586,6912.7259999999996580299921333789825439453125,38,437.53800000000001091393642127513885498046875,12,170.818000000000012050804798491299152374267578125,636,7521.0819999999994251993484795093536376953125
240,14.0,14201,LA UNION,572,5830.974000000000160071067512035369873046875,33,699.17200000000002546585164964199066162109375,19,251.4089999999999918145476840436458587646484375,624,6781.5550000000002910383045673370361328125
241,14.0,14202,FUTRONO,248,2930.25,14,162.229000000000013415046851150691509246826171875,8,175.253999999999990677679306827485561370849609375,270,3267.73299999999971987563185393810272216796875
242,14.0,14203,LAGO RANCO,189,2164.04300000000012005330063402652740478515625,4,62.34400000000000119371179607696831226348876953125,5,79.0090000000000003410605131648480892181396484375,198,2305.39600000000018553691916167736053466796875
243,14.0,14204,RIO BUENO,517,5196.35599999999976716935634613037109375,28,303.18900000000002137312549166381359100341796875,27,473.8509999999999990905052982270717620849609375,572,5973.3959999999997307895682752132415771484375
244,10.0,10101,PUERTO MONTT,2244,22042.03499999999985448084771633148193359375,151,1678.545000000000072759576141834259033203125,75,1001.192999999999983629095368087291717529296875,2470,24721.773000000001047737896442413330078125
245,10.0,10102,CALBUCO,606,6845.0889999999999417923390865325927734375,32,338.05000000000001136868377216160297393798828125,3,41.50399999999999778310666442848742008209228515625,641,7224.64300000000002910383045673370361328125
246,10.0,10103,COCHAMO,101,1172.7370000000000800355337560176849365234375,2,23.6460000000000007958078640513122081756591796875,1,10.986000000000000653699316899292171001434326171875,104,1207.36900000000014188117347657680511474609375
247,10.0,10104,FRESIA,259,2568.15799999999990177457220852375030517578125,11,123.2459999999999951114659779705107212066650390625,9,179.71199999999998908606357872486114501953125,279,2871.115999999999985448084771633148193359375
248,10.0,10105,FRUTILLAR,235,2359.5399999999999636202119290828704833984375,27,301.7930000000000063664629124104976654052734375,4,88.03100000000000591171556152403354644775390625,266,2749.36400000000003274180926382541656494140625
249,10.0,10106,LOS MUERMOS,425,4718.4790000000002692104317247867584228515625,18,325.89199999999999590727384202182292938232421875,2,11.266999999999999459987520822323858737945556640625,445,5055.6379999999999199644662439823150634765625
250,10.0,10107,LLANQUIHUE,258,2291.168999999999869032762944698333740234375,40,395.6589999999999918145476840436458587646484375,8,157.9329999999999927240423858165740966796875,306,2844.76099999999996725819073617458343505859375
251,10.0,10108,MAULLIN,357,3557.42599999999993087840266525745391845703125,12,120.486999999999994770405464805662631988525390625,7,118.6869999999999976125764078460633754730224609375,376,3796.59999999999990905052982270717620849609375
252,10.0,10109,PUERTO VARAS,382,3830.47600000000011277734301984310150146484375,16,148.16599999999999681676854379475116729736328125,11,143.82499999999998863131622783839702606201171875,409,4122.46700000000055297277867794036865234375
253,10.0,10201,CASTRO,517,4817.1760000000003856257535517215728759765625,27,584.5529999999999972715158946812152862548828125,31,447.874000000000023646862246096134185791015625,575,5849.6030000000000654836185276508331298828125
254,10.0,10202,ANCUD,443,4471.170000000000072759576141834259033203125,26,225.116999999999990222931955941021442413330078125,18,261.08800000000002228262019343674182891845703125,487,4957.375
255,10.0,10203,CHONCHI,149,1482.028000000000020008883439004421234130859375,5,47.07000000000000028421709430404007434844970703125,11,131.443999999999988403942552395164966583251953125,165,1660.54199999999991632648743689060211181640625
256,10.0,10204,CURACO DE VELEZ,52,517.4260000000000445652403868734836578369140625,2,13.0879999999999991899812812334857881069183349609375,1,13.2590000000000003410605131648480892181396484375,55,543.7730000000000245563569478690624237060546875
257,10.0,10205,DALCAHUE,213,2301.6909999999998035491444170475006103515625,11,299.509000000000014551915228366851806640625,5,85.397999999999996134647517465054988861083984375,229,2686.597999999999956344254314899444580078125
258,10.0,10206,PUQUELDON,127,1554.796000000000049112713895738124847412109375,0,0,0,0,127,1554.796000000000049112713895738124847412109375
259,10.0,10207,QUEILEN,77,817.7749999999999772626324556767940521240234375,2,19.425000000000000710542735760100185871124267578125,1,30.89999999999999857891452847979962825775146484375,80,868.09999999999990905052982270717620849609375
260,10.0,10208,QUELLON,219,2512.24699999999984356691129505634307861328125,12,105.3589999999999946567186270840466022491455078125,7,106.0919999999999987494447850622236728668212890625,238,2723.69799999999986539478413760662078857421875
261,10.0,10209,QUEMCHI,170,1927.9780000000000654836185276508331298828125,7,95.361999999999994770405464805662631988525390625,3,67.3769999999999953388396534137427806854248046875,180,2090.71700000000009822542779147624969482421875
262,10.0,10210,QUINCHAO,238,2747.09700000000020736479200422763824462890625,8,90.7720000000000055706550483591854572296142578125,4,42.96900000000000119371179607696831226348876953125,250,2880.83800000000019281287677586078643798828125
263,10.0,10301,OSORNO,1967,18830.92499999999927240423858165740966796875,145,1447.6610000000000582076609134674072265625,81,1315.355999999999994543031789362430572509765625,2193,21593.94199999999909778125584125518798828125
264,10.0,10302,PUERTO OCTAY,92,1061.381000000000085492501966655254364013671875,10,118.2519999999999953388396534137427806854248046875,3,40.106999999999999317878973670303821563720703125,105,1219.740000000000009094947017729282379150390625
265,10.0,10303,PURRANQUE,353,3550.15799999999990177457220852375030517578125,43,408.5529999999999972715158946812152862548828125,7,110.3990000000000009094947017729282379150390625,403,4069.1099999999996725819073617458343505859375
266,10.0,10304,PUYEHUE,171,1932.053000000000110958353616297245025634765625,10,110.1209999999999951114659779705107212066650390625,4,98.4140000000000014779288903810083866119384765625,185,2140.58800000000019281287677586078643798828125
267,10.0,10305,RIO NEGRO,201,1953.5309999999999490682967007160186767578125,8,83.78600000000000136424205265939235687255859375,7,87.8900000000000005684341886080801486968994140625,216,2125.20699999999987994669936597347259521484375
268,10.0,10306,SAN JUAN DE LA COSTA,189,2396.23500000000012732925824820995330810546875,7,126.2300000000000039790393202565610408782958984375,0,0,196,2522.46500000000014551915228366851806640625
269,10.0,10307,SAN PABLO,190,1895.36400000000003274180926382541656494140625,8,79.3119999999999976125764078460633754730224609375,2,59.3359999999999985220711096189916133880615234375,200,2034.011999999999943611328490078449249267578125
270,10.0,10401,CHAITEN,51,671.807000000000016370904631912708282470703125,1,10.071999999999999175770426518283784389495849609375,1,9.492000000000000881072992342524230480194091796875,53,691.3709999999999809006112627685070037841796875
271,10.0,10402,FUTALEUFU,39,367.5230000000000245563569478690624237060546875,1,6.8620000000000000994759830064140260219573974609375,1,36.667000000000001591615728102624416351318359375,41,411.0520000000000209183781407773494720458984375
272,10.0,10403,HUALAIHUE,118,1746.038999999999987267074175179004669189453125,3,44.98100000000000164845914696343243122100830078125,1,5.70999999999999996447286321199499070644378662109375,122,1796.73000000000001818989403545856475830078125
273,10.0,10404,PALENA,26,236.967999999999989313437254168093204498291015625,0,0,1,11.48799999999999954525264911353588104248046875,27,248.455999999999988858689903281629085540771484375
274,11.0,11101,COYHAIQUE,420,4532.6800000000002910383045673370361328125,35,404.56400000000002137312549166381359100341796875,15,254.38700000000000045474735088646411895751953125,470,5191.6310000000003128661774098873138427734375
275,11.0,11102,LAGO VERDE,12,175.85300000000000864019966684281826019287109375,2,44.01400000000000289901436190120875835418701171875,0,0,14,219.86700000000001864464138634502887725830078125
276,11.0,11201,PUERTO AYSEN,134,1332.730999999999994543031789362430572509765625,16,132.0240000000000009094947017729282379150390625,3,42.784999999999996589394868351519107818603515625,153,1507.540000000000190993887372314929962158203125
277,11.0,11202,CISNES,35,397.23700000000002319211489520967006683349609375,4,44.32000000000000028421709430404007434844970703125,0,0,39,441.557000000000016370904631912708282470703125
278,11.0,11203,GUAITECAS,14,183.299000000000006593836587853729724884033203125,0,0,0,0,14,183.299000000000006593836587853729724884033203125
279,11.0,11301,COCHRANE,43,567.317999999999983629095368087291717529296875,1,16.39699999999999846522769075818359851837158203125,4,74.9380000000000023874235921539366245269775390625,48,658.653000000000020008883439004421234130859375
280,11.0,11302,O'HIGGINS,3,23.797000000000000596855898038484156131744384765625,0,0,0,0,3,23.797000000000000596855898038484156131744384765625
281,11.0,11303,TORTEL,1,23.550000000000000710542735760100185871124267578125,1,2.592999999999999971578290569595992565155029296875,0,0,2,26.143000000000000682121026329696178436279296875
282,11.0,11401,CHILE CHICO,91,843.5890000000000554791768081486225128173828125,14,102.2360000000000042064129956997931003570556640625,3,59.7819999999999964757080306299030780792236328125,108,1005.6070000000000845830072648823261260986328125
283,11.0,11402,RIO IBAÑEZ,39,370.8509999999999990905052982270717620849609375,1,5.147999999999999687361196265555918216705322265625,2,20.54299999999999926103555480949580669403076171875,42,396.5420000000000300133251585066318511962890625
284,12.0,12101,PUNTA ARENAS,727,6025.0309999999999490682967007160186767578125,102,2522.7899999999999636202119290828704833984375,30,295.2540000000000190993887372314929962158203125,859,8843.07500000000072759576141834259033203125
285,12.0,12102,LAGUNA BLANCA,0,0,0,0,0,0,0,0
286,12.0,12103,RIO VERDE,1,11.375,0,0,0,0,1,11.375
287,12.0,12104,SAN GREGORIO,0,0,0,0,0,0,0,0
288,12.0,12201,CABO DE HORNOS,4,37.60499999999999687361196265555918216705322265625,0,0,0,0,4,37.60499999999999687361196265555918216705322265625
289,12.0,12202,ANTARTICA,0,0,0,0,0,0,0,0
290,12.0,12301,PORVENIR,33,328.1100000000000136424205265939235687255859375,3,18.39399999999999835154085303656756877899169921875,2,25.196999999999999175770426518283784389495849609375,38,371.7010000000000218278728425502777099609375
291,12.0,12302,PRIMAVERA,0,0,0,0,0,0,0,0
292,12.0,12303,TIMANKEL,0,0,0,0,0,0,0,0
293,12.0,12401,PUERTO NATALES,263,2371.0659999999998035491444170475006103515625,31,231.48799999999999954525264911353588104248046875,7,100.019000000000005456968210637569427490234375,301,2702.5729999999994106474332511425018310546875
294,12.0,12402,TORRES DEL PAINE,0,0,0,0,0,0,0,0
295,13.0,13101,SANTIAGO,1533,12470,141,1406.8710000000000945874489843845367431640625,169,1793.66300000000001091393642127513885498046875,1843,15670.533999999999650754034519195556640625
296,13.0,13102,CERRILLOS,677,6228.9679999999998472048901021480560302734375,58,518.1879999999999881765688769519329071044921875,5,64.8990000000000009094947017729282379150390625,740,6812.0550000000002910383045673370361328125
297,13.0,13103,CERRO NAVIA,1748,17028.08199999999851570464670658111572265625,164,1651.0399999999999636202119290828704833984375,11,140.484000000000008867573342286050319671630859375,1923,18819.60599999999976716935634613037109375
298,13.0,13104,CONCHALI,1478,13692.94199999999909778125584125518798828125,144,1693.580999999999903593561612069606781005859375,14,175.288999999999987267074175179004669189453125,1636,15561.811999999999898136593401432037353515625
299,13.0,13105,EL BOSQUE,1613,15207.5889999999999417923390865325927734375,135,1455.80099999999993087840266525745391845703125,9,109.412000000000006139089236967265605926513671875,1757,16772.80199999999967985786497592926025390625
300,13.0,13106,ESTACION CENTRAL,1183,10536.72799999999915598891675472259521484375,85,923.3709999999999809006112627685070037841796875,179,2025.54700000000002546585164964199066162109375,1447,13485.645999999998821294866502285003662109375
301,13.0,13107,HUECHURABA,748,7584.0039999999999054125510156154632568359375,66,665.365000000000009094947017729282379150390625,4,36.33899999999999863575794734060764312744140625,818,8285.708000000000538420863449573516845703125
302,13.0,13108,INDEPENDENCIA,766,6511.32300000000032014213502407073974609375,61,716.18499999999994543031789362430572509765625,183,2548.33199999999987994669936597347259521484375,1010,9775.84000000000014551915228366851806640625
303,13.0,13109,LA CISTERNA,951,8280.976000000000567524693906307220458984375,89,1130.65399999999999636202119290828704833984375,17,142.984000000000008867573342286050319671630859375,1057,9554.6140000000013969838619232177734375
304,13.0,13110,LA FLORIDA,3911,35545.6960000000035506673157215118408203125,304,3483.7550000000001091393642127513885498046875,76,916.191000000000030922819860279560089111328125,4291,39945.6419999999998253770172595977783203125
305,13.0,13111,LA GRANJA,1478,13993.33799999999973806552588939666748046875,108,1135.079999999999927240423858165740966796875,2,24.464999999999999857891452847979962825775146484375,1588,15152.882999999999810825102031230926513671875
306,13.0,13112,LA PINTANA,1865,19304.2439999999987776391208171844482421875,131,1362.79700000000002546585164964199066162109375,9,100.0819999999999936335370875895023345947265625,2005,20767.12299999999595456756651401519775390625
307,13.0,13113,LA REINA,368,3173.40500000000020008883439004421234130859375,35,397.64100000000001955413608811795711517333984375,7,82.9740000000000037516656448133289813995361328125,410,3654.02000000000043655745685100555419921875
308,13.0,13114,LAS CONDES,785,7151.4229999999997744453139603137969970703125,83,777.00199999999995270627550780773162841796875,52,624.1559999999999490682967007160186767578125,920,8552.5809999999983119778335094451904296875
309,13.0,13115,LO BARNECHEA,232,2244.20699999999987994669936597347259521484375,23,295.0629999999999881765688769519329071044921875,7,69.6280000000000001136868377216160297393798828125,262,2608.8980000000001382431946694850921630859375
310,13.0,13116,LO ESPEJO,1262,12385.167999999999665305949747562408447265625,113,1348.042999999999892679625190794467926025390625,6,100.8190000000000026147972675971686840057373046875,1381,13834.02999999999883584678173065185546875
311,13.0,13117,LO PRADO,1198,11124.076999999999316059984266757965087890625,99,1061.428000000000110958353616297245025634765625,19,249.77899999999999636202119290828704833984375,1316,12435.283999999999650754034519195556640625
312,13.0,13118,MACUL,881,7701.6850000000004001776687800884246826171875,88,914.6100000000000136424205265939235687255859375,12,170.59899999999998954081092961132526397705078125,981,8786.89400000000023283064365386962890625
313,13.0,13119,MAIPU,4480,39383.8640000000013969838619232177734375,348,3414.9149999999999636202119290828704833984375,207,2595.5940000000000509317032992839813232421875,5035,45394.3729999999995925463736057281494140625
314,13.0,13120,ÑUÑOA,1003,8303.1270000000004074536263942718505859375,92,827.4099999999999681676854379475116729736328125,138,1857.451999999999998181010596454143524169921875,1233,10987.988999999999577994458377361297607421875
315,13.0,13121,PEDRO AGUIRRE CERDA,1186,10736.352000000000771251507103443145751953125,114,1108.6920000000000072759576141834259033203125,6,72.3949999999999960209606797434389591217041015625,1306,11917.43900000000212457962334156036376953125
316,13.0,13122,PEÑALOLEN,2071,20151.7819999999992433004081249237060546875,151,1498.759000000000014551915228366851806640625,15,223.477000000000003865352482534945011138916015625,2237,21874.017999999996391125023365020751953125
317,13.0,13123,PROVIDENCIA,353,2897.24299999999993815436027944087982177734375,33,503.46199999999998908606357872486114501953125,17,178.948000000000007503331289626657962799072265625,403,3579.65299999999979263520799577236175537109375
318,13.0,13124,PUDAHUEL,1740,16542.38699999999880674295127391815185546875,109,1121.20299999999997453414835035800933837890625,16,190.31000000000000227373675443232059478759765625,1865,17853.9000000000014551915228366851806640625
319,13.0,13125,QUILICURA,1019,9747.28299999999944702722132205963134765625,70,832.0159999999999627107172273099422454833984375,24,303.82400000000001227817847393453121185302734375,1113,10883.1229999999995925463736057281494140625
320,13.0,13126,QUINTA NORMAL,1362,11859.974000000000160071067512035369873046875,129,1664.686999999999898136593401432037353515625,23,280.47800000000000864019966684281826019287109375,1514,13805.13899999999921419657766819000244140625
321,13.0,13127,RECOLETA,1594,15031.685999999999694409780204296112060546875,145,1461.162000000000034560798667371273040771484375,18,235.93000000000000682121026329696178436279296875,1757,16728.7779999999984283931553363800048828125
322,13.0,13128,RENCA,1484,14256.007999999999810825102031230926513671875,118,1269.25700000000006184563972055912017822265625,16,201.5629999999999881765688769519329071044921875,1618,15726.827999999999519786797463893890380859375
323,13.0,13129,SAN JOAQUIN,1096,9501.245999999999185092747211456298828125,104,1010.3129999999999881765688769519329071044921875,9,147.90399999999999636202119290828704833984375,1209,10659.46299999999973806552588939666748046875
324,13.0,13130,SAN MIGUEL,917,7895.4409999999998035491444170475006103515625,64,602.828999999999950887286104261875152587890625,208,2746.39100000000007639755494892597198486328125,1189,11244.6610000000000582076609134674072265625
325,13.0,13131,SAN RAMON,1342,12972.458000000000538420863449573516845703125,115,1162.932000000000016370904631912708282470703125,12,128.198000000000007503331289626657962799072265625,1469,14263.588000000001557054929435253143310546875
326,13.0,13132,VITACURA,153,1334.1289999999999054125510156154632568359375,16,157.460000000000007958078640513122081756591796875,1,5.71600000000000019184653865522705018520355224609375,170,1497.30499999999983629095368087291717529296875
327,13.0,13201,PUENTE ALTO,4759,44035.8810000000012223608791828155517578125,429,4457.658999999999650754034519195556640625,109,1394.65799999999990177457220852375030517578125,5297,49888.19800000000395812094211578369140625
328,13.0,13202,PIRQUE,203,1987,14,145.188999999999992951416061259806156158447265625,1,42.7590000000000003410605131648480892181396484375,218,2174.94799999999986539478413760662078857421875
329,13.0,13203,SAN JOSE DE MAIPO,154,1548.8530000000000654836185276508331298828125,14,137.0670000000000072759576141834259033203125,3,12.961999999999999744204615126363933086395263671875,171,1698.88200000000006184563972055912017822265625
330,13.0,13301,COLINA,710,7457.796000000000276486389338970184326171875,56,1003.40399999999999636202119290828704833984375,10,148.395999999999986584953148849308490753173828125,776,8609.59600000000136788003146648406982421875
331,13.0,13302,LAMPA,500,5152.0929999999998472048901021480560302734375,36,390.04700000000002546585164964199066162109375,5,77.195999999999997953636921010911464691162109375,541,5619.33599999999933061189949512481689453125
332,13.0,13303,TILTIL,173,1674.03400000000010550138540565967559814453125,13,128.82900000000000773070496506989002227783203125,3,33.06499999999999772626324556767940521240234375,189,1835.928000000000110958353616297245025634765625
333,13.0,13401,SAN BERNARDO,2995,29120.29599999999845749698579311370849609375,292,3123.740999999999985448084771633148193359375,131,1730.5760000000000218278728425502777099609375,3418,33974.612999999997555278241634368896484375
334,13.0,13402,BUIN,613,6144.7089999999998326529748737812042236328125,53,574.93100000000004001776687800884246826171875,40,529.1660000000000536601874046027660369873046875,706,7248.8059999999995852704159915447235107421875
335,13.0,13403,CALERA DE TANGO,134,1344.17599999999993087840266525745391845703125,12,148.4859999999999899955582804977893829345703125,1,30.623000000000001108446667785756289958953857421875,147,1523.28499999999985448084771633148193359375
336,13.0,13404,PAINE,517,4895.552999999999883584678173065185546875,41,435.18000000000000682121026329696178436279296875,9,144.33400000000000318323145620524883270263671875,567,5475.0670000000000072759576141834259033203125
337,13.0,13501,MELIPILLA,1545,15462.0400000000008731149137020111083984375,103,1140.68100000000004001776687800884246826171875,68,1224.14499999999998181010596454143524169921875,1716,17826.8660000000018044374883174896240234375
338,13.0,13502,ALHUE,63,661.1670000000000300133251585066318511962890625,7,78.820999999999997953636921010911464691162109375,3,41.7049999999999982946974341757595539093017578125,73,781.6930000000000973159330897033214569091796875
339,13.0,13503,CURACAVI,346,3315.08599999999978535925038158893585205078125,22,204.546999999999997044142219237983226776123046875,16,213.501000000000004774847184307873249053955078125,384,3733.134000000000014551915228366851806640625
340,13.0,13504,MARIA PINTO,125,1299.62699999999995270627550780773162841796875,10,103.2840000000000060254023992456495761871337890625,9,205.981999999999999317878973670303821563720703125,144,1608.89300000000002910383045673370361328125
341,13.0,13505,SAN PEDRO,130,1405.1300000000001091393642127513885498046875,7,86.7699999999999960209606797434389591217041015625,3,60.27600000000000335376171278767287731170654296875,140,1552.176000000000158252078108489513397216796875
342,13.0,13601,TALAGANTE,673,6594.3270000000002255546860396862030029296875,60,633.019000000000005456968210637569427490234375,46,629.4740000000000463842297904193401336669921875,779,7856.8200000000006184563972055912017822265625
343,13.0,13602,EL MONTE,350,3462.07099999999991268850862979888916015625,28,311.0339999999999918145476840436458587646484375,5,120.123999999999995225152815692126750946044921875,383,3893.22899999999981446308083832263946533203125
344,13.0,13603,ISLA DE MAIPO,248,2608.04300000000012005330063402652740478515625,23,288.61200000000002319211489520967006683349609375,6,98.6940000000000026147972675971686840057373046875,277,2995.349000000000160071067512035369873046875
345,13.0,13604,PADRE HURTADO,349,3504.8260000000000218278728425502777099609375,27,266.6789999999999736246536485850811004638671875,5,62.50999999999999801048033987171947956085205078125,381,3834.0150000000003274180926382541656494140625
346,13.0,13605,PEÑAFLOR,771,7067.3090000000001964508555829524993896484375,87,865.298000000000001818989403545856475830078125,17,173.18000000000000682121026329696178436279296875,875,8105.78700000000026193447411060333251953125
347,SUPLEMENTOS,,"",48,372.83400000000000318323145620524883270263671875,,,,,48,372.83400000000000318323145620524883270263671875
348,PARA PENSIONES PREVISIONALES,,"",,,8507,88994.270000000004074536263942718505859375,,,8507,88994.270000000004074536263942718505859375
349,Total,,"",176156,1770504.8530000005848705768585205078125,21323,239590.2500000000582076609134674072265625,7704,114671.201000000000931322574615478515625,205183,2124766.304000000469386577606201171875
350,BH en APS Externa,,Sin Clasificar ,,,,,,,7210,97812.201000000000931322574615478515625
351,BH Cuota Unica,,Sin Clasificar ,,,,,,,5139,9318300.21399999968707561492919921875
352,Total Nacional,,"",176156,1770504.8530000005848705768585205078125,21323,239590.2500000000582076609134674072265625,7704,114671.201000000000931322574615478515625,217532,11540878.7190000005066394805908203125
